CREATE OR REPLACE FUNCTION keep_book_stat() RETURNS TRIGGER AS E'BEGIN
IF (TG_OP = \'INSERT\') THEN
    IF (NEW.type_id = 1) THEN
        UPDATE book SET stat_bought = stat_bought + 1 WHERE id = NEW.book_id;
    ELSEIF (NEW.type_id = 2) THEN
        UPDATE book SET stat_bought = stat_in_cart + 1 WHERE id = NEW.book_id;
    ELSE
        UPDATE book SET stat_bought = stat_postponed + 1 WHERE id = NEW.book_id;
    END IF;
	RETURN NEW;
ELSIF (TG_OP = \'UPDATE\') THEN
	IF (OLD.type_id = NEW.type_id) THEN
		RETURN NULL;
	END IF;
    IF (OLD.type_id = 1) THEN
        UPDATE book SET stat_bought = stat_bought - 1 WHERE id = OLD.book_id;
    ELSEIF (OLD.type_id = 2) THEN
        UPDATE book SET stat_in_cart = stat_in_cart - 1 WHERE id = OLD.book_id;
    ELSE
        UPDATE book SET stat_postponed = stat_postponed - 1 WHERE id = OLD.book_id;
    END IF;
    IF (NEW.type_id = 1) THEN
        UPDATE book SET stat_bought = stat_bought + 1 WHERE id = OLD.book_id;
    ELSEIF (NEW.type_id = 2) THEN
        UPDATE book SET stat_in_cart = stat_in_cart + 1 WHERE id = OLD.book_id;
    ELSE
        UPDATE book SET stat_postponed = stat_postponed + 1 WHERE id = OLD.book_id;
    END IF;
    RETURN NEW;
END IF;
END;' LANGUAGE plpgsql;

CREATE TRIGGER book2user AFTER INSERT OR UPDATE ON book2user FOR EACH ROW EXECUTE PROCEDURE keep_book_stat();


insert into author (name, photo, slug, little_biography, extend_biography) values ('Jase Petrozzi', 'http://dummyimage.com/219x100.png/ff4444/ffffff', 'jpetrozzi0@instagram.com', 'Lorem ipsum dolor sit amet, consectetur adipiscing elit. Maecenas augue tortor, congue aliquam eros a, consectetur euismod nibh. In ornare aliquet risus quis tincidunt. Proin efficitur purus enim, et efficitur ante ornare ut. Nullam facilisis diam ut bibendum mattis. Aenean vitae quam felis. Integer magna elit, cursus vitae feugiat eu, commodo ac augue. Pellentesque efficitur felis quis ipsum convallis ultricies a eget ipsum. Phasellus tristique orci a porttitor semper. Nulla non tincidunt diam, quis cursus enim.', 'Suspendisse leo ligula, condimentum in commodo vel, malesuada quis augue. Pellentesque gravida lobortis metus sed dignissim. Integer ut nisi volutpat, dictum eros pulvinar, porttitor nulla. Donec congue ante ac eros volutpat rhoncus. Curabitur non elit nulla. Nullam vulputate, mi non maximus suscipit, diam velit ultrices augue, vulputate tempus lectus lorem eget magna. Maecenas euismod laoreet sollicitudin. Donec tristique dolor sem. Maecenas dictum in enim at porta. Proin vel dignissim augue, sit amet tristique elit. Fusce euismod eros feugiat turpis dictum, efficitur maximus erat sagittis. Suspendisse vestibulum magna hendrerit dolor tempor, ut pharetra felis imperdiet.</p><p>Nullam sed elementum felis. Maecenas sollicitudin, metus ut laoreet sagittis, lectus risus feugiat enim, at cursus ante odio at nisl. Mauris elementum augue mauris, nec hendrerit nisi vehicula et. Nunc porttitor justo et risus fermentum sodales.');
insert into author (name, photo, slug, little_biography, extend_biography) values ('Dena Pourvoieur', 'http://dummyimage.com/221x100.png/cc0000/ffffff', 'dpourvoieur1@1und1.de', 'Lorem ipsum dolor sit amet, consectetur adipiscing elit. Maecenas augue tortor, congue aliquam eros a, consectetur euismod nibh. In ornare aliquet risus quis tincidunt. Proin efficitur purus enim, et efficitur ante ornare ut. Nullam facilisis diam ut bibendum mattis. Aenean vitae quam felis. Integer magna elit, cursus vitae feugiat eu, commodo ac augue. Pellentesque efficitur felis quis ipsum convallis ultricies a eget ipsum. Phasellus tristique orci a porttitor semper. Nulla non tincidunt diam, quis cursus enim.', 'Suspendisse leo ligula, condimentum in commodo vel, malesuada quis augue. Pellentesque gravida lobortis metus sed dignissim. Integer ut nisi volutpat, dictum eros pulvinar, porttitor nulla. Donec congue ante ac eros volutpat rhoncus. Curabitur non elit nulla. Nullam vulputate, mi non maximus suscipit, diam velit ultrices augue, vulputate tempus lectus lorem eget magna. Maecenas euismod laoreet sollicitudin. Donec tristique dolor sem. Maecenas dictum in enim at porta. Proin vel dignissim augue, sit amet tristique elit. Fusce euismod eros feugiat turpis dictum, efficitur maximus erat sagittis. Suspendisse vestibulum magna hendrerit dolor tempor, ut pharetra felis imperdiet.</p><p>Nullam sed elementum felis. Maecenas sollicitudin, metus ut laoreet sagittis, lectus risus feugiat enim, at cursus ante odio at nisl. Mauris elementum augue mauris, nec hendrerit nisi vehicula et. Nunc porttitor justo et risus fermentum sodales.');
insert into author (name, photo, slug, little_biography, extend_biography) values ('Gregoor Harwin', 'http://dummyimage.com/224x100.png/dddddd/000000', 'gharwin2@vk.com', 'Lorem ipsum dolor sit amet, consectetur adipiscing elit. Maecenas augue tortor, congue aliquam eros a, consectetur euismod nibh. In ornare aliquet risus quis tincidunt. Proin efficitur purus enim, et efficitur ante ornare ut. Nullam facilisis diam ut bibendum mattis. Aenean vitae quam felis. Integer magna elit, cursus vitae feugiat eu, commodo ac augue. Pellentesque efficitur felis quis ipsum convallis ultricies a eget ipsum. Phasellus tristique orci a porttitor semper. Nulla non tincidunt diam, quis cursus enim.', 'Suspendisse leo ligula, condimentum in commodo vel, malesuada quis augue. Pellentesque gravida lobortis metus sed dignissim. Integer ut nisi volutpat, dictum eros pulvinar, porttitor nulla. Donec congue ante ac eros volutpat rhoncus. Curabitur non elit nulla. Nullam vulputate, mi non maximus suscipit, diam velit ultrices augue, vulputate tempus lectus lorem eget magna. Maecenas euismod laoreet sollicitudin. Donec tristique dolor sem. Maecenas dictum in enim at porta. Proin vel dignissim augue, sit amet tristique elit. Fusce euismod eros feugiat turpis dictum, efficitur maximus erat sagittis. Suspendisse vestibulum magna hendrerit dolor tempor, ut pharetra felis imperdiet.</p><p>Nullam sed elementum felis. Maecenas sollicitudin, metus ut laoreet sagittis, lectus risus feugiat enim, at cursus ante odio at nisl. Mauris elementum augue mauris, nec hendrerit nisi vehicula et. Nunc porttitor justo et risus fermentum sodales.');
insert into author (name, photo, slug, little_biography, extend_biography) values ('Luigi Passler', 'http://dummyimage.com/146x100.png/ff4444/ffffff', 'lpassler3@cnn.com', 'Lorem ipsum dolor sit amet, consectetur adipiscing elit. Maecenas augue tortor, congue aliquam eros a, consectetur euismod nibh. In ornare aliquet risus quis tincidunt. Proin efficitur purus enim, et efficitur ante ornare ut. Nullam facilisis diam ut bibendum mattis. Aenean vitae quam felis. Integer magna elit, cursus vitae feugiat eu, commodo ac augue. Pellentesque efficitur felis quis ipsum convallis ultricies a eget ipsum. Phasellus tristique orci a porttitor semper. Nulla non tincidunt diam, quis cursus enim.', 'Suspendisse leo ligula, condimentum in commodo vel, malesuada quis augue. Pellentesque gravida lobortis metus sed dignissim. Integer ut nisi volutpat, dictum eros pulvinar, porttitor nulla. Donec congue ante ac eros volutpat rhoncus. Curabitur non elit nulla. Nullam vulputate, mi non maximus suscipit, diam velit ultrices augue, vulputate tempus lectus lorem eget magna. Maecenas euismod laoreet sollicitudin. Donec tristique dolor sem. Maecenas dictum in enim at porta. Proin vel dignissim augue, sit amet tristique elit. Fusce euismod eros feugiat turpis dictum, efficitur maximus erat sagittis. Suspendisse vestibulum magna hendrerit dolor tempor, ut pharetra felis imperdiet.</p><p>Nullam sed elementum felis. Maecenas sollicitudin, metus ut laoreet sagittis, lectus risus feugiat enim, at cursus ante odio at nisl. Mauris elementum augue mauris, nec hendrerit nisi vehicula et. Nunc porttitor justo et risus fermentum sodales.');
insert into author (name, photo, slug, little_biography, extend_biography) values ('Yasmeen Itzkin', 'http://dummyimage.com/110x100.png/dddddd/000000', 'yitzkin4@diigo.com', 'Lorem ipsum dolor sit amet, consectetur adipiscing elit. Maecenas augue tortor, congue aliquam eros a, consectetur euismod nibh. In ornare aliquet risus quis tincidunt. Proin efficitur purus enim, et efficitur ante ornare ut. Nullam facilisis diam ut bibendum mattis. Aenean vitae quam felis. Integer magna elit, cursus vitae feugiat eu, commodo ac augue. Pellentesque efficitur felis quis ipsum convallis ultricies a eget ipsum. Phasellus tristique orci a porttitor semper. Nulla non tincidunt diam, quis cursus enim.', 'Suspendisse leo ligula, condimentum in commodo vel, malesuada quis augue. Pellentesque gravida lobortis metus sed dignissim. Integer ut nisi volutpat, dictum eros pulvinar, porttitor nulla. Donec congue ante ac eros volutpat rhoncus. Curabitur non elit nulla. Nullam vulputate, mi non maximus suscipit, diam velit ultrices augue, vulputate tempus lectus lorem eget magna. Maecenas euismod laoreet sollicitudin. Donec tristique dolor sem. Maecenas dictum in enim at porta. Proin vel dignissim augue, sit amet tristique elit. Fusce euismod eros feugiat turpis dictum, efficitur maximus erat sagittis. Suspendisse vestibulum magna hendrerit dolor tempor, ut pharetra felis imperdiet.</p><p>Nullam sed elementum felis. Maecenas sollicitudin, metus ut laoreet sagittis, lectus risus feugiat enim, at cursus ante odio at nisl. Mauris elementum augue mauris, nec hendrerit nisi vehicula et. Nunc porttitor justo et risus fermentum sodales.');
insert into author (name, photo, slug, little_biography, extend_biography) values ('Shalom Hearnden', 'http://dummyimage.com/186x100.png/dddddd/000000', 'shearnden5@sina.com.cn', 'Lorem ipsum dolor sit amet, consectetur adipiscing elit. Maecenas augue tortor, congue aliquam eros a, consectetur euismod nibh. In ornare aliquet risus quis tincidunt. Proin efficitur purus enim, et efficitur ante ornare ut. Nullam facilisis diam ut bibendum mattis. Aenean vitae quam felis. Integer magna elit, cursus vitae feugiat eu, commodo ac augue. Pellentesque efficitur felis quis ipsum convallis ultricies a eget ipsum. Phasellus tristique orci a porttitor semper. Nulla non tincidunt diam, quis cursus enim.', 'Suspendisse leo ligula, condimentum in commodo vel, malesuada quis augue. Pellentesque gravida lobortis metus sed dignissim. Integer ut nisi volutpat, dictum eros pulvinar, porttitor nulla. Donec congue ante ac eros volutpat rhoncus. Curabitur non elit nulla. Nullam vulputate, mi non maximus suscipit, diam velit ultrices augue, vulputate tempus lectus lorem eget magna. Maecenas euismod laoreet sollicitudin. Donec tristique dolor sem. Maecenas dictum in enim at porta. Proin vel dignissim augue, sit amet tristique elit. Fusce euismod eros feugiat turpis dictum, efficitur maximus erat sagittis. Suspendisse vestibulum magna hendrerit dolor tempor, ut pharetra felis imperdiet.</p><p>Nullam sed elementum felis. Maecenas sollicitudin, metus ut laoreet sagittis, lectus risus feugiat enim, at cursus ante odio at nisl. Mauris elementum augue mauris, nec hendrerit nisi vehicula et. Nunc porttitor justo et risus fermentum sodales.');
insert into author (name, photo, slug, little_biography, extend_biography) values ('Mayor Bettesworth', 'http://dummyimage.com/204x100.png/dddddd/000000', 'mbettesworth6@w3.org', 'Lorem ipsum dolor sit amet, consectetur adipiscing elit. Maecenas augue tortor, congue aliquam eros a, consectetur euismod nibh. In ornare aliquet risus quis tincidunt. Proin efficitur purus enim, et efficitur ante ornare ut. Nullam facilisis diam ut bibendum mattis. Aenean vitae quam felis. Integer magna elit, cursus vitae feugiat eu, commodo ac augue. Pellentesque efficitur felis quis ipsum convallis ultricies a eget ipsum. Phasellus tristique orci a porttitor semper. Nulla non tincidunt diam, quis cursus enim.', 'Suspendisse leo ligula, condimentum in commodo vel, malesuada quis augue. Pellentesque gravida lobortis metus sed dignissim. Integer ut nisi volutpat, dictum eros pulvinar, porttitor nulla. Donec congue ante ac eros volutpat rhoncus. Curabitur non elit nulla. Nullam vulputate, mi non maximus suscipit, diam velit ultrices augue, vulputate tempus lectus lorem eget magna. Maecenas euismod laoreet sollicitudin. Donec tristique dolor sem. Maecenas dictum in enim at porta. Proin vel dignissim augue, sit amet tristique elit. Fusce euismod eros feugiat turpis dictum, efficitur maximus erat sagittis. Suspendisse vestibulum magna hendrerit dolor tempor, ut pharetra felis imperdiet.</p><p>Nullam sed elementum felis. Maecenas sollicitudin, metus ut laoreet sagittis, lectus risus feugiat enim, at cursus ante odio at nisl. Mauris elementum augue mauris, nec hendrerit nisi vehicula et. Nunc porttitor justo et risus fermentum sodales.');
insert into author (name, photo, slug, little_biography, extend_biography) values ('Nessi Dingwall', 'http://dummyimage.com/108x100.png/dddddd/000000', 'ndingwall7@netscape.com', 'Lorem ipsum dolor sit amet, consectetur adipiscing elit. Maecenas augue tortor, congue aliquam eros a, consectetur euismod nibh. In ornare aliquet risus quis tincidunt. Proin efficitur purus enim, et efficitur ante ornare ut. Nullam facilisis diam ut bibendum mattis. Aenean vitae quam felis. Integer magna elit, cursus vitae feugiat eu, commodo ac augue. Pellentesque efficitur felis quis ipsum convallis ultricies a eget ipsum. Phasellus tristique orci a porttitor semper. Nulla non tincidunt diam, quis cursus enim.', 'Suspendisse leo ligula, condimentum in commodo vel, malesuada quis augue. Pellentesque gravida lobortis metus sed dignissim. Integer ut nisi volutpat, dictum eros pulvinar, porttitor nulla. Donec congue ante ac eros volutpat rhoncus. Curabitur non elit nulla. Nullam vulputate, mi non maximus suscipit, diam velit ultrices augue, vulputate tempus lectus lorem eget magna. Maecenas euismod laoreet sollicitudin. Donec tristique dolor sem. Maecenas dictum in enim at porta. Proin vel dignissim augue, sit amet tristique elit. Fusce euismod eros feugiat turpis dictum, efficitur maximus erat sagittis. Suspendisse vestibulum magna hendrerit dolor tempor, ut pharetra felis imperdiet.</p><p>Nullam sed elementum felis. Maecenas sollicitudin, metus ut laoreet sagittis, lectus risus feugiat enim, at cursus ante odio at nisl. Mauris elementum augue mauris, nec hendrerit nisi vehicula et. Nunc porttitor justo et risus fermentum sodales.');
insert into author (name, photo, slug, little_biography, extend_biography) values ('Maye Foggarty', 'http://dummyimage.com/144x100.png/ff4444/ffffff', 'mfoggarty8@indiegogo.com', 'Lorem ipsum dolor sit amet, consectetur adipiscing elit. Maecenas augue tortor, congue aliquam eros a, consectetur euismod nibh. In ornare aliquet risus quis tincidunt. Proin efficitur purus enim, et efficitur ante ornare ut. Nullam facilisis diam ut bibendum mattis. Aenean vitae quam felis. Integer magna elit, cursus vitae feugiat eu, commodo ac augue. Pellentesque efficitur felis quis ipsum convallis ultricies a eget ipsum. Phasellus tristique orci a porttitor semper. Nulla non tincidunt diam, quis cursus enim.', 'Suspendisse leo ligula, condimentum in commodo vel, malesuada quis augue. Pellentesque gravida lobortis metus sed dignissim. Integer ut nisi volutpat, dictum eros pulvinar, porttitor nulla. Donec congue ante ac eros volutpat rhoncus. Curabitur non elit nulla. Nullam vulputate, mi non maximus suscipit, diam velit ultrices augue, vulputate tempus lectus lorem eget magna. Maecenas euismod laoreet sollicitudin. Donec tristique dolor sem. Maecenas dictum in enim at porta. Proin vel dignissim augue, sit amet tristique elit. Fusce euismod eros feugiat turpis dictum, efficitur maximus erat sagittis. Suspendisse vestibulum magna hendrerit dolor tempor, ut pharetra felis imperdiet.</p><p>Nullam sed elementum felis. Maecenas sollicitudin, metus ut laoreet sagittis, lectus risus feugiat enim, at cursus ante odio at nisl. Mauris elementum augue mauris, nec hendrerit nisi vehicula et. Nunc porttitor justo et risus fermentum sodales.');
insert into author (name, photo, slug, little_biography, extend_biography) values ('Elsinore Flack', 'http://dummyimage.com/233x100.png/5fa2dd/ffffff', 'eflack9@arstechnica.com', 'Lorem ipsum dolor sit amet, consectetur adipiscing elit. Maecenas augue tortor, congue aliquam eros a, consectetur euismod nibh. In ornare aliquet risus quis tincidunt. Proin efficitur purus enim, et efficitur ante ornare ut. Nullam facilisis diam ut bibendum mattis. Aenean vitae quam felis. Integer magna elit, cursus vitae feugiat eu, commodo ac augue. Pellentesque efficitur felis quis ipsum convallis ultricies a eget ipsum. Phasellus tristique orci a porttitor semper. Nulla non tincidunt diam, quis cursus enim.', 'Suspendisse leo ligula, condimentum in commodo vel, malesuada quis augue. Pellentesque gravida lobortis metus sed dignissim. Integer ut nisi volutpat, dictum eros pulvinar, porttitor nulla. Donec congue ante ac eros volutpat rhoncus. Curabitur non elit nulla. Nullam vulputate, mi non maximus suscipit, diam velit ultrices augue, vulputate tempus lectus lorem eget magna. Maecenas euismod laoreet sollicitudin. Donec tristique dolor sem. Maecenas dictum in enim at porta. Proin vel dignissim augue, sit amet tristique elit. Fusce euismod eros feugiat turpis dictum, efficitur maximus erat sagittis. Suspendisse vestibulum magna hendrerit dolor tempor, ut pharetra felis imperdiet.</p><p>Nullam sed elementum felis. Maecenas sollicitudin, metus ut laoreet sagittis, lectus risus feugiat enim, at cursus ante odio at nisl. Mauris elementum augue mauris, nec hendrerit nisi vehicula et. Nunc porttitor justo et risus fermentum sodales.');
insert into author (name, photo, slug, little_biography, extend_biography) values ('Derk Semken', 'http://dummyimage.com/109x100.png/5fa2dd/ffffff', 'dsemkena@ocn.ne.jp', 'Lorem ipsum dolor sit amet, consectetur adipiscing elit. Maecenas augue tortor, congue aliquam eros a, consectetur euismod nibh. In ornare aliquet risus quis tincidunt. Proin efficitur purus enim, et efficitur ante ornare ut. Nullam facilisis diam ut bibendum mattis. Aenean vitae quam felis. Integer magna elit, cursus vitae feugiat eu, commodo ac augue. Pellentesque efficitur felis quis ipsum convallis ultricies a eget ipsum. Phasellus tristique orci a porttitor semper. Nulla non tincidunt diam, quis cursus enim.', null);
insert into author (name, photo, slug, little_biography, extend_biography) values ('Julianne Reeds', 'http://dummyimage.com/120x100.png/5fa2dd/ffffff', 'jreedsb@storify.com', 'Lorem ipsum dolor sit amet, consectetur adipiscing elit. Maecenas augue tortor, congue aliquam eros a, consectetur euismod nibh. In ornare aliquet risus quis tincidunt. Proin efficitur purus enim, et efficitur ante ornare ut. Nullam facilisis diam ut bibendum mattis. Aenean vitae quam felis. Integer magna elit, cursus vitae feugiat eu, commodo ac augue. Pellentesque efficitur felis quis ipsum convallis ultricies a eget ipsum. Phasellus tristique orci a porttitor semper. Nulla non tincidunt diam, quis cursus enim.', null);
insert into author (name, photo, slug, little_biography, extend_biography) values ('Miller Lavery', 'http://dummyimage.com/183x100.png/dddddd/000000', 'mlaveryc@com.com', 'Lorem ipsum dolor sit amet, consectetur adipiscing elit. Maecenas augue tortor, congue aliquam eros a, consectetur euismod nibh. In ornare aliquet risus quis tincidunt. Proin efficitur purus enim, et efficitur ante ornare ut. Nullam facilisis diam ut bibendum mattis. Aenean vitae quam felis. Integer magna elit, cursus vitae feugiat eu, commodo ac augue. Pellentesque efficitur felis quis ipsum convallis ultricies a eget ipsum. Phasellus tristique orci a porttitor semper. Nulla non tincidunt diam, quis cursus enim.', null);
insert into author (name, photo, slug, little_biography, extend_biography) values ('Tarrance Longstreet', 'http://dummyimage.com/210x100.png/5fa2dd/ffffff', 'tlongstreetd@angelfire.com', 'Lorem ipsum dolor sit amet, consectetur adipiscing elit. Maecenas augue tortor, congue aliquam eros a, consectetur euismod nibh. In ornare aliquet risus quis tincidunt. Proin efficitur purus enim, et efficitur ante ornare ut. Nullam facilisis diam ut bibendum mattis. Aenean vitae quam felis. Integer magna elit, cursus vitae feugiat eu, commodo ac augue. Pellentesque efficitur felis quis ipsum convallis ultricies a eget ipsum. Phasellus tristique orci a porttitor semper. Nulla non tincidunt diam, quis cursus enim.', null);
insert into author (name, photo, slug, little_biography, extend_biography) values ('Colas Barnwell', 'http://dummyimage.com/231x100.png/cc0000/ffffff', 'cbarnwelle@nba.com', 'Lorem ipsum dolor sit amet, consectetur adipiscing elit. Maecenas augue tortor, congue aliquam eros a, consectetur euismod nibh. In ornare aliquet risus quis tincidunt. Proin efficitur purus enim, et efficitur ante ornare ut. Nullam facilisis diam ut bibendum mattis. Aenean vitae quam felis. Integer magna elit, cursus vitae feugiat eu, commodo ac augue. Pellentesque efficitur felis quis ipsum convallis ultricies a eget ipsum. Phasellus tristique orci a porttitor semper. Nulla non tincidunt diam, quis cursus enim.', null);
insert into author (name, photo, slug, little_biography, extend_biography) values ('Talbert Gall', 'http://dummyimage.com/240x100.png/ff4444/ffffff', 'tgallf@delicious.com', 'Lorem ipsum dolor sit amet, consectetur adipiscing elit. Maecenas augue tortor, congue aliquam eros a, consectetur euismod nibh. In ornare aliquet risus quis tincidunt. Proin efficitur purus enim, et efficitur ante ornare ut. Nullam facilisis diam ut bibendum mattis. Aenean vitae quam felis. Integer magna elit, cursus vitae feugiat eu, commodo ac augue. Pellentesque efficitur felis quis ipsum convallis ultricies a eget ipsum. Phasellus tristique orci a porttitor semper. Nulla non tincidunt diam, quis cursus enim.', null);
insert into author (name, photo, slug, little_biography, extend_biography) values ('Saxe Giacubbo', 'http://dummyimage.com/119x100.png/cc0000/ffffff', 'sgiacubbog@hp.com', 'Lorem ipsum dolor sit amet, consectetur adipiscing elit. Maecenas augue tortor, congue aliquam eros a, consectetur euismod nibh. In ornare aliquet risus quis tincidunt. Proin efficitur purus enim, et efficitur ante ornare ut. Nullam facilisis diam ut bibendum mattis. Aenean vitae quam felis. Integer magna elit, cursus vitae feugiat eu, commodo ac augue. Pellentesque efficitur felis quis ipsum convallis ultricies a eget ipsum. Phasellus tristique orci a porttitor semper. Nulla non tincidunt diam, quis cursus enim.', null);
insert into author (name, photo, slug, little_biography, extend_biography) values ('Katrina Forkan', 'http://dummyimage.com/157x100.png/ff4444/ffffff', 'kforkanh@cloudflare.com', 'Lorem ipsum dolor sit amet, consectetur adipiscing elit. Maecenas augue tortor, congue aliquam eros a, consectetur euismod nibh. In ornare aliquet risus quis tincidunt. Proin efficitur purus enim, et efficitur ante ornare ut. Nullam facilisis diam ut bibendum mattis. Aenean vitae quam felis. Integer magna elit, cursus vitae feugiat eu, commodo ac augue. Pellentesque efficitur felis quis ipsum convallis ultricies a eget ipsum. Phasellus tristique orci a porttitor semper. Nulla non tincidunt diam, quis cursus enim.', null);
insert into author (name, photo, slug, little_biography, extend_biography) values ('Melita Lopez', 'http://dummyimage.com/239x100.png/cc0000/ffffff', 'mlopezi@prnewswire.com', 'Lorem ipsum dolor sit amet, consectetur adipiscing elit. Maecenas augue tortor, congue aliquam eros a, consectetur euismod nibh. In ornare aliquet risus quis tincidunt. Proin efficitur purus enim, et efficitur ante ornare ut. Nullam facilisis diam ut bibendum mattis. Aenean vitae quam felis. Integer magna elit, cursus vitae feugiat eu, commodo ac augue. Pellentesque efficitur felis quis ipsum convallis ultricies a eget ipsum. Phasellus tristique orci a porttitor semper. Nulla non tincidunt diam, quis cursus enim.', null);
insert into author (name, photo, slug, little_biography, extend_biography) values ('Mannie Kochel', 'http://dummyimage.com/178x100.png/ff4444/ffffff', 'mkochelj@booking.com', 'Lorem ipsum dolor sit amet, consectetur adipiscing elit. Maecenas augue tortor, congue aliquam eros a, consectetur euismod nibh. In ornare aliquet risus quis tincidunt. Proin efficitur purus enim, et efficitur ante ornare ut. Nullam facilisis diam ut bibendum mattis. Aenean vitae quam felis. Integer magna elit, cursus vitae feugiat eu, commodo ac augue. Pellentesque efficitur felis quis ipsum convallis ultricies a eget ipsum. Phasellus tristique orci a porttitor semper. Nulla non tincidunt diam, quis cursus enim.', null);
insert into author (name, photo, slug, little_biography, extend_biography) values ('Vite Bellon', 'http://dummyimage.com/159x100.png/cc0000/ffffff', 'vbellonk@wunderground.com', 'Lorem ipsum dolor sit amet, consectetur adipiscing elit. Maecenas augue tortor, congue aliquam eros a, consectetur euismod nibh. In ornare aliquet risus quis tincidunt. Proin efficitur purus enim, et efficitur ante ornare ut. Nullam facilisis diam ut bibendum mattis. Aenean vitae quam felis. Integer magna elit, cursus vitae feugiat eu, commodo ac augue. Pellentesque efficitur felis quis ipsum convallis ultricies a eget ipsum. Phasellus tristique orci a porttitor semper. Nulla non tincidunt diam, quis cursus enim.', null);


insert into genre (name, parent_id, slug) values ('Documentary', null, 'documentary');
insert into genre (name, parent_id, slug) values ('Sci-Fi', null, 'sci_fi');
insert into genre (name, parent_id, slug) values ('Musical', null, 'musical');
insert into genre (name, parent_id, slug) values ('Crime', 1, 'crime');
insert into genre (name, parent_id, slug) values ('Comedy|Romance', 1, 'comedy_romance');
insert into genre (name, parent_id, slug) values ('Drama|Musical', 1, 'drama_musical');
insert into genre (name, parent_id, slug) values ('Comedy', 2, 'comedy');
insert into genre (name, parent_id, slug) values ('Crime|Drama|Thriller', 2, 'crime_drama_thriller');
insert into genre (name, parent_id, slug) values ('Action|Adventure', 2, 'action_adventure');
insert into genre (name, parent_id, slug) values ( 'Action|Adventure|Comedy', 2, 'action_adventure_comedy');
insert into genre (name, parent_id, slug) values ( 'Action|Comedy', 3, 'action_comedy');
insert into genre (name, parent_id, slug) values ( 'Action|Sci-Fi', 3, 'action_sci_fi');
insert into genre (name, parent_id, slug) values ( 'Action', 3, 'action');
insert into genre (name, parent_id, slug) values ( 'Crime|Thriller', 3, 'crime_thriller');
insert into genre (name, parent_id, slug) values ( 'Thriller', 3, 'thriller');
insert into genre (name, parent_id, slug) values ( 'Drama|Action', 3, 'drama_action');
insert into genre (name, parent_id, slug) values ( 'Action|Comedy|Musical', 3, 'action_comedy_musical');
insert into genre (name, parent_id, slug) values ( 'Comedy|Fomedy', 3, 'comedy_fomedy');
insert into genre (name, parent_id, slug) values ( 'Action|Romance', 15, 'action_romance');
insert into genre (name, parent_id, slug) values ( 'Action|Crime|Thriller', 15, 'action_crime_thriller');
insert into genre (name, parent_id, slug) values ( 'Western', 15, 'western');


insert into tag (tag, slug, description) values ('challenge', 'challenge', 'nunc');
insert into tag (tag, slug, description) values ('sit_amet', 'sit_amet', 'convallis');
insert into tag (tag, slug, description) values ('Grass-roots', 'Grass-roots', 'consequat in');
insert into tag (tag, slug, description) values ('algorithm', 'algorithm', 'elementum');
insert into tag (tag, slug, description) values ('solution-oriented', 'solution-oriented', 'aliquet');
insert into tag (tag, slug, description) values ('Synchronised', 'synchronised', 'curae');
insert into tag (tag, slug, description) values ('mi', 'mi', 'nibh quisque');
insert into tag (tag, slug, description) values ('open-source', 'open-source', 'lectus');
insert into tag (tag, slug, description) values ('upgradable', 'upgradable', 'in');
insert into tag (tag, slug, description) values ( 'responsive', 'responsive', 'porta');
insert into tag (tag, slug, description) values ( 'stand-alone', 'stand-alone', 'metus sapien');
insert into tag (tag, slug, description) values ( 'self-enabling', 'self-enabling', 'ante');
insert into tag (tag, slug, description) values ( 'zero_tolerance', 'zero_tolerance', 'quisque');
insert into tag (tag, slug, description) values ( 'in_eleifend', 'in_eleifend', 'lectus');
insert into tag (tag, slug, description) values ( 'local_area_network', 'local_area_network', 'maecenas');
insert into tag (tag, slug, description) values ( 'future_proofed', 'future_proofed', 'non lectus');
insert into tag (tag, slug, description) values ( 'vel_ipsum', 'vel_ipsum', 'sem');
insert into tag (tag, slug, description) values ( 'in_tempus', 'in_tempus', 'morbi');
insert into tag (tag, slug, description) values ( 'habitasse', 'habitasse', 'donec');
insert into tag (tag, slug, description) values ( 'sapien_dignissim', 'sapien_dignissim', 'sapien dignissim');
insert into tag (tag, slug, description) values ( 'metus_sapien', 'metus_sapien', 'augue');


insert into book (is_bestseller, pub_date, price, discount, title, slug, image, description, stat_in_cart, stat_bought, stat_postponed) values (0, '2022-06-02 05:10:52', 800, 669, 'Playboys, The', 'playboys_the', 'http://dummyimage.com/122x100.png/dddddd/000000', 'justo etiam pretium iaculis justo in hac habitasse platea dictumst etiam faucibus cursus', 0, 0, 0);
insert into book (is_bestseller, pub_date, price, discount, title, slug, image, description, stat_in_cart, stat_bought, stat_postponed) values (1, '2022-10-01 01:03:21', 693, 647, 'Alcina', 'alcina', 'http://dummyimage.com/246x100.png/dddddd/000000', 'facilisi cras non velit nec nisi vulputate nonummy maecenas tincidunt', 0, 0, 0);
insert into book (is_bestseller, pub_date, price, discount, title, slug, image, description, stat_in_cart, stat_bought, stat_postponed) values (1, '2022-08-27 11:50:34', 955, 958, 'Tales from the Script', 'tales_from_the_script', 'http://dummyimage.com/103x100.png/ff4444/ffffff', 'vivamus in felis eu sapien cursus vestibulum proin eu mi nulla ac enim in', 0, 0, 0);
insert into book (is_bestseller, pub_date, price, discount, title, slug, image, description, stat_in_cart, stat_bought, stat_postponed) values (0, '2022-09-25 00:08:12', 757, 987, 'Express, The', 'express_the', 'http://dummyimage.com/111x100.png/dddddd/000000', 'fusce lacus purus aliquet at feugiat non pretium quis lectus suspendisse', 0, 0, 0);
insert into book (is_bestseller, pub_date, price, discount, title, slug, image, description, stat_in_cart, stat_bought, stat_postponed) values (1, '2022-06-27 23:57:54', 637, 654, 'Escapist, The', 'escapist_the', 'http://dummyimage.com/112x100.png/ff4444/ffffff', 'sem sed sagittis nam congue risus semper porta volutpat quam pede lobortis ligula sit amet eleifend pede libero quis orci', 0, 0, 0);
insert into book (is_bestseller, pub_date, price, discount, title, slug, image, description, stat_in_cart, stat_bought, stat_postponed) values (0, '2022-10-15 00:44:18', 550, 814, 'Hideous Kinky', 'hideous_kinky, Deadly Night', 'http://dummyimage.com/250x100.png/cc0000/ffffff', 'elementum pellentesque quisque porta volutpat erat quisque erat eros viverra eget congue eget semper rutrum', 0, 0, 0);
insert into book (is_bestseller, pub_date, price, discount, title, slug, image, description, stat_in_cart, stat_bought, stat_postponed) values (0, '2022-12-02 17:29:39', 742, 977, 'Happy Poet, The', 'happy_poet_the', 'http://dummyimage.com/131x100.png/dddddd/000000', 'mi pede malesuada in imperdiet et commodo vulputate justo in blandit', 0, 0, 0);
insert into book (is_bestseller, pub_date, price, discount, title, slug, image, description, stat_in_cart, stat_bought, stat_postponed) values (0, '2022-04-21 19:55:43', 747, 647, 'Free The Mind', 'free_the_mind', 'http://dummyimage.com/150x100.png/ff4444/ffffff', 'quam sollicitudin vitae consectetuer eget rutrum at lorem integer tincidunt ante vel ipsum', 0, 0, 0);
insert into book (is_bestseller, pub_date, price, discount, title, slug, image, description, stat_in_cart, stat_bought, stat_postponed) values (1, '2022-07-09 14:45:52', 675, 707, 'Sovereign''s Company', 'sovereigns_company', 'http://dummyimage.com/158x100.png/dddddd/000000', 'sapien non mi integer ac neque duis bibendum morbi non quam nec dui luctus rutrum nulla tellus', 0, 0, 0);
insert into book (is_bestseller, pub_date, price, discount, title, slug, image, description, stat_in_cart, stat_bought, stat_postponed) values ( 1, '2022-02-01 08:41:43', 604, 618, 'Queen Sized', 'queen_sized', 'http://dummyimage.com/187x100.png/5fa2dd/ffffff', 'est lacinia nisi venenatis tristique fusce congue diam id ornare imperdiet sapien urna pretium nisl ut volutpat sapien', 0, 0, 0);
insert into book (is_bestseller, pub_date, price, discount, title, slug, image, description, stat_in_cart, stat_bought, stat_postponed) values ( 1, '2022-04-11 19:23:15', 562, 750, 'Iron Eagle IV', 'iron_eagle_iv', 'http://dummyimage.com/171x100.png/cc0000/ffffff', 'vel est donec odio justo sollicitudin ut suscipit a feugiat et eros vestibulum ac est lacinia', 0, 0, 0);
insert into book (is_bestseller, pub_date, price, discount, title, slug, image, description, stat_in_cart, stat_bought, stat_postponed) values ( 0, '2022-02-10 07:22:13', 637, 961, 'One-Armed Swordsman, The (Dubei dao)', 'one_armed_swordsman_the_dubei_dao', 'http://dummyimage.com/140x100.png/dddddd/000000', 'sed tincidunt eu felis fusce posuere felis sed lacus morbi sem mauris laoreet', 0, 0, 0);
insert into book (is_bestseller, pub_date, price, discount, title, slug, image, description, stat_in_cart, stat_bought, stat_postponed) values ( 1, '2022-01-20 02:32:40', 995, 771, 'Barnyard: The Original Party Animals', 'barnyard_the_original_party_animals', 'http://dummyimage.com/150x100.png/cc0000/ffffff', 'dictumst etiam faucibus cursus urna ut tellus nulla ut erat id mauris vulputate', 0, 0, 0);
insert into book (is_bestseller, pub_date, price, discount, title, slug, image, description, stat_in_cart, stat_bought, stat_postponed) values ( 1, '2022-12-16 08:00:06', 828, 647, 'Hannibal', 'hannibal', 'http://dummyimage.com/239x100.png/cc0000/ffffff', 'dui vel nisl duis ac nibh fusce lacus purus aliquet at feugiat non pretium', 0, 0, 0);
insert into book (is_bestseller, pub_date, price, discount, title, slug, image, description, stat_in_cart, stat_bought, stat_postponed) values ( 1, '2022-07-09 16:41:37', 1000, 994, 'Hyenas (Hyènes)', 'hyenas_hyenes', 'http://dummyimage.com/179x100.png/cc0000/ffffff', 'nunc viverra dapibus nulla suscipit ligula in lacus curabitur at ipsum ac tellus semper interdum mauris', 0, 0, 0);
insert into book (is_bestseller, pub_date, price, discount, title, slug, image, description, stat_in_cart, stat_bought, stat_postponed) values ( 1, '2022-06-18 12:03:07', 714, 913, 'Snowriders', 'snowriders', 'http://dummyimage.com/185x100.png/dddddd/000000', 'aliquet pulvinar sed nisl nunc rhoncus dui vel sem sed', 0, 0, 0);
insert into book (is_bestseller, pub_date, price, discount, title, slug, image, description, stat_in_cart, stat_bought, stat_postponed) values ( 0, '2022-07-21 13:38:34', 840, 957, '55 Days at Peking', '55_days_at_peking', 'http://dummyimage.com/144x100.png/5fa2dd/ffffff', 'dapibus duis at velit eu est congue elementum in hac habitasse platea dictumst morbi vestibulum velit id pretium iaculis diam', 0, 0, 0);
insert into book (is_bestseller, pub_date, price, discount, title, slug, image, description, stat_in_cart, stat_bought, stat_postponed) values ( 0, '2022-05-25 12:50:18', 976, 829, 'In China They Eat Dogs (I Kina spiser de hunde)', 'in_china_they_eat_dogs_i_kina_spiser_de_hunde', 'http://dummyimage.com/145x100.png/ff4444/ffffff', 'ante vivamus tortor duis mattis egestas metus aenean fermentum donec ut mauris eget massa', 0, 0, 0);
insert into book (is_bestseller, pub_date, price, discount, title, slug, image, description, stat_in_cart, stat_bought, stat_postponed) values ( 0, '2022-07-26 05:18:10', 695, 689, 'Klimt', 'klimt', 'http://dummyimage.com/117x100.png/cc0000/ffffff', 'pellentesque quisque porta volutpat erat quisque erat eros viverra eget congue', 0, 0, 0);
insert into book (is_bestseller, pub_date, price, discount, title, slug, image, description, stat_in_cart, stat_bought, stat_postponed) values ( 1, '2022-01-08 10:42:20', 837, 909, 'Broken Arrow', 'broken_arrow', 'http://dummyimage.com/206x100.png/dddddd/000000', 'mattis pulvinar nulla pede ullamcorper augue a suscipit nulla elit ac nulla sed vel enim sit', 0, 0, 0);
insert into book (is_bestseller, pub_date, price, discount, title, slug, image, description, stat_in_cart, stat_bought, stat_postponed) values ( 0, '2022-06-26 18:07:04', 928, 954, 'Reflections in a Golden Eye', 'reflections_in_a_golden_eye', 'http://dummyimage.com/128x100.png/dddddd/000000', 'dictumst maecenas ut massa quis augue luctus tincidunt nulla mollis', 0, 0, 0);
insert into book (is_bestseller, pub_date, price, discount, title, slug, image, description, stat_in_cart, stat_bought, stat_postponed) values ( 0, '2022-03-02 12:03:38', 990, 606, 'Beauty and the Beast (Belle et la bête, La)', 'beauty_and_the_beast_belle_et_la_bete_la', 'http://dummyimage.com/169x100.png/cc0000/ffffff', 'dapibus augue vel accumsan tellus nisi eu orci mauris lacinia sapien quis libero nullam sit', 0, 0, 0);
insert into book (is_bestseller, pub_date, price, discount, title, slug, image, description, stat_in_cart, stat_bought, stat_postponed) values ( 1, '2022-06-10 22:00:35', 598, 1000, 'Dumbo', 'dumbo', 'http://dummyimage.com/123x100.png/5fa2dd/ffffff', 'in leo maecenas pulvinar lobortis est phasellus sit amet erat nulla tempus vivamus in felis eu sapien cursus vestibulum', 0, 0, 0);
insert into book (is_bestseller, pub_date, price, discount, title, slug, image, description, stat_in_cart, stat_bought, stat_postponed) values ( 0, '2021-12-26 19:15:22', 758, 591, 'Chak De India!', 'chak_de_india', 'http://dummyimage.com/125x100.png/dddddd/000000', 'mauris laoreet ut rhoncus aliquet pulvinar sed nisl nunc rhoncus dui vel sem sed sagittis nam congue risus semper porta', 0, 0, 0);
insert into book (is_bestseller, pub_date, price, discount, title, slug, image, description, stat_in_cart, stat_bought, stat_postponed) values ( 0, '2022-09-14 01:02:16', 972, 881, 'Dark Horse (Voksne mennesker)', 'dark_horse_voksne_mennesker', 'http://dummyimage.com/171x100.png/cc0000/ffffff', 'volutpat in congue etiam justo etiam pretium iaculis justo in hac habitasse platea dictumst etiam faucibus', 0, 0, 0);
insert into book (is_bestseller, pub_date, price, discount, title, slug, image, description, stat_in_cart, stat_bought, stat_postponed) values ( 0, '2022-08-27 21:39:37', 617, 726, 'She''s Out of My League', 'shes_out_of_my_league', 'http://dummyimage.com/100x100.png/dddddd/000000', 'vel sem sed sagittis nam congue risus semper porta volutpat quam pede lobortis ligula sit amet eleifend pede libero quis', 0, 0, 0);
insert into book (is_bestseller, pub_date, price, discount, title, slug, image, description, stat_in_cart, stat_bought, stat_postponed) values ( 0, '2022-04-29 07:58:09', 989, 597, 'Great Waltz, The', 'great_waltz_the', 'http://dummyimage.com/137x100.png/dddddd/000000', 'integer aliquet massa id lobortis convallis tortor risus dapibus augue', 0, 0, 0);
insert into book (is_bestseller, pub_date, price, discount, title, slug, image, description, stat_in_cart, stat_bought, stat_postponed) values ( 1, '2021-12-23 02:49:47', 854, 584, 'Killers from Space', 'killers_from_space', 'http://dummyimage.com/208x100.png/dddddd/000000', 'dictumst etiam faucibus cursus urna ut tellus nulla ut erat id mauris vulputate elementum nullam varius nulla facilisi cras non', 0, 0, 0);
insert into book (is_bestseller, pub_date, price, discount, title, slug, image, description, stat_in_cart, stat_bought, stat_postponed) values ( 1, '2022-09-02 00:48:30', 527, 853, 'Mysterious Skin', 'mysterious_skin', 'http://dummyimage.com/124x100.png/ff4444/ffffff', 'luctus cum sociis natoque penatibus et magnis dis parturient montes nascetur ridiculus mus vivamus vestibulum', 0, 0, 0);
insert into book (is_bestseller, pub_date, price, discount, title, slug, image, description, stat_in_cart, stat_bought, stat_postponed) values ( 0, '2022-11-22 13:48:12', 819, 745, 'Flowers of War, The (Jin líng shí san chai)', 'flowers_of_war_the_jin_ling_shi_san_chai', 'http://dummyimage.com/179x100.png/cc0000/ffffff', 'pede venenatis non sodales sed tincidunt eu felis fusce posuere felis sed', 0, 0, 0);
insert into book (is_bestseller, pub_date, price, discount, title, slug, image, description, stat_in_cart, stat_bought, stat_postponed) values ( 0, '2022-07-02 03:43:43', 749, 828, 'Fish Called Wanda, A', 'fish_called_wanda_a', 'http://dummyimage.com/150x100.png/5fa2dd/ffffff', 'ultrices posuere cubilia curae duis faucibus accumsan odio curabitur convallis duis consequat dui nec nisi volutpat eleifend donec', 0, 0, 0);
insert into book (is_bestseller, pub_date, price, discount, title, slug, image, description, stat_in_cart, stat_bought, stat_postponed) values ( 0, '2022-04-30 11:56:23', 940, 603, 'Manson Family, The', 'manson_family_the', 'http://dummyimage.com/233x100.png/5fa2dd/ffffff', 'scelerisque mauris sit amet eros suspendisse accumsan tortor quis turpis sed ante vivamus tortor', 0, 0, 0);
insert into book (is_bestseller, pub_date, price, discount, title, slug, image, description, stat_in_cart, stat_bought, stat_postponed) values ( 0, '2022-10-27 15:59:30', 923, 826, 'Europa Report', 'europa_report', 'http://dummyimage.com/223x100.png/dddddd/000000', 'pede malesuada in imperdiet et commodo vulputate justo in blandit ultrices enim lorem ipsum dolor sit amet', 0, 0, 0);
insert into book (is_bestseller, pub_date, price, discount, title, slug, image, description, stat_in_cart, stat_bought, stat_postponed) values ( 0, '2022-04-05 21:21:39', 638, 538, 'Project A (''A'' gai waak)', 'project_a_a_gai_waak', 'http://dummyimage.com/208x100.png/dddddd/000000', 'rutrum neque aenean auctor gravida sem praesent id massa id nisl venenatis lacinia aenean', 0, 0, 0);
insert into book (is_bestseller, pub_date, price, discount, title, slug, image, description, stat_in_cart, stat_bought, stat_postponed) values ( 1, '2022-08-31 17:22:29', 876, 735, '40-Year-Old Virgin, The', '40_year_old_virgin_the', 'http://dummyimage.com/185x100.png/ff4444/ffffff', 'curae mauris viverra diam vitae quam suspendisse potenti nullam porttitor lacus at turpis donec', 0, 0, 0);
insert into book (is_bestseller, pub_date, price, discount, title, slug, image, description, stat_in_cart, stat_bought, stat_postponed) values ( 0, '2022-08-05 17:23:53', 930, 620, 'About Face: Supermodels Then and Now', 'about_face_supermodels_then_and_now', 'http://dummyimage.com/238x100.png/5fa2dd/ffffff', 'felis sed interdum venenatis turpis enim blandit mi in porttitor pede justo', 0, 0, 0);
insert into book (is_bestseller, pub_date, price, discount, title, slug, image, description, stat_in_cart, stat_bought, stat_postponed) values ( 0, '2022-07-21 02:44:35', 914, 749, '40-Year-Old Virgin, The', '40_year_old_virgin_the', 'http://dummyimage.com/138x100.png/ff4444/ffffff', 'consectetuer adipiscing elit proin interdum mauris non ligula pellentesque ultrices phasellus id sapien in sapien iaculis', 0, 0, 0);
insert into book (is_bestseller, pub_date, price, discount, title, slug, image, description, stat_in_cart, stat_bought, stat_postponed) values ( 1, '2022-02-24 16:32:17', 710, 962, 'Alive', 'alive', 'http://dummyimage.com/216x100.png/5fa2dd/ffffff', 'vulputate vitae nisl aenean lectus pellentesque eget nunc donec quis', 0, 0, 0);
insert into book (is_bestseller, pub_date, price, discount, title, slug, image, description, stat_in_cart, stat_bought, stat_postponed) values ( 1, '2022-03-18 15:06:02', 907, 738, 'North West Frontier', 'north_west_frontier', 'http://dummyimage.com/100x100.png/5fa2dd/ffffff', 'id nisl venenatis lacinia aenean sit amet justo morbi ut odio cras mi pede malesuada in', 0, 0, 0);
insert into book (is_bestseller, pub_date, price, discount, title, slug, image, description, stat_in_cart, stat_bought, stat_postponed) values ( 0, '2022-02-20 14:30:16', 652, 612, 'Samson and Delilah', 'samson_and_delilah', 'http://dummyimage.com/143x100.png/dddddd/000000', 'ultrices posuere cubilia curae mauris viverra diam vitae quam suspendisse potenti', 0, 0, 0);
insert into book (is_bestseller, pub_date, price, discount, title, slug, image, description, stat_in_cart, stat_bought, stat_postponed) values ( 1, '2022-04-23 16:42:47', 860, 571, 'Bitter Creek', 'bitter_creek', 'http://dummyimage.com/143x100.png/ff4444/ffffff', 'quis turpis sed ante vivamus tortor duis mattis egestas metus aenean fermentum donec ut mauris eget massa tempor', 0, 0, 0);
insert into book (is_bestseller, pub_date, price, discount, title, slug, image, description, stat_in_cart, stat_bought, stat_postponed) values ( 0, '2022-03-16 06:28:26', 875, 905, 'Barnens ö', 'barnens_o', 'http://dummyimage.com/228x100.png/5fa2dd/ffffff', 'nulla mollis molestie lorem quisque ut erat curabitur gravida nisi at nibh', 0, 0, 0);
insert into book (is_bestseller, pub_date, price, discount, title, slug, image, description, stat_in_cart, stat_bought, stat_postponed) values ( 0, '2022-09-24 20:40:37', 787, 548, 'Lancelot of the Lake (Lancelot du Lac)', 'lancelot_of_the_lake_lancelot_du_lac', 'http://dummyimage.com/225x100.png/cc0000/ffffff', 'adipiscing molestie hendrerit at vulputate vitae nisl aenean lectus pellentesque eget nunc donec quis orci', 0, 0, 0);
insert into book (is_bestseller, pub_date, price, discount, title, slug, image, description, stat_in_cart, stat_bought, stat_postponed) values ( 1, '2022-11-06 14:34:33', 560, 851, 'Thunderball', 'thunderball', 'http://dummyimage.com/207x100.png/ff4444/ffffff', 'in porttitor pede justo eu massa donec dapibus duis at velit eu est congue elementum in hac habitasse', 0, 0, 0);
insert into book (is_bestseller, pub_date, price, discount, title, slug, image, description, stat_in_cart, stat_bought, stat_postponed) values ( 0, '2022-07-27 18:51:37', 596, 825, 'Finding Joy', 'finding_joy', 'http://dummyimage.com/172x100.png/ff4444/ffffff', 'mi sit amet lobortis sapien sapien non mi integer ac neque duis bibendum morbi non quam nec dui luctus', 0, 0, 0);
insert into book (is_bestseller, pub_date, price, discount, title, slug, image, description, stat_in_cart, stat_bought, stat_postponed) values ( 0, '2022-02-14 17:48:46', 983, 778, 'Company of Heroes', 'company_of_heroes', 'http://dummyimage.com/220x100.png/cc0000/ffffff', 'luctus et ultrices posuere cubilia curae donec pharetra magna vestibulum aliquet ultrices erat tortor sollicitudin mi sit amet lobortis sapien', 0, 0, 0);
insert into book (is_bestseller, pub_date, price, discount, title, slug, image, description, stat_in_cart, stat_bought, stat_postponed) values ( 0, '2022-01-13 17:23:11', 816, 651, 'Wagon Master', 'wagon_master', 'http://dummyimage.com/140x100.png/dddddd/000000', 'ante vel ipsum praesent blandit lacinia erat vestibulum sed magna at nunc commodo placerat praesent blandit', 0, 0, 0);
insert into book (is_bestseller, pub_date, price, discount, title, slug, image, description, stat_in_cart, stat_bought, stat_postponed) values ( 1, '2021-12-26 11:13:23', 718, 775, 'Queen of the Mountains', 'queen_of_the_mountains', 'http://dummyimage.com/123x100.png/cc0000/ffffff', 'montes nascetur ridiculus mus vivamus vestibulum sagittis sapien cum sociis natoque penatibus et magnis', 0, 0, 0);
insert into book (is_bestseller, pub_date, price, discount, title, slug, image, description, stat_in_cart, stat_bought, stat_postponed) values ( 0, '2022-09-11 18:49:29', 870, 728, 'Frida', 'frida', 'http://dummyimage.com/162x100.png/cc0000/ffffff', 'volutpat eleifend donec ut dolor morbi vel lectus in quam fringilla rhoncus mauris enim', 0, 0, 0);
insert into book (is_bestseller, pub_date, price, discount, title, slug, image, description, stat_in_cart, stat_bought, stat_postponed) values ( 0, '2022-06-17 01:14:40', 526, 718, 'Mutiny on the Bounty', 'mutiny_on_the_bounty', 'http://dummyimage.com/102x100.png/ff4444/ffffff', 'nunc commodo placerat praesent blandit nam nulla integer pede justo', 0, 0, 0);
insert into book (is_bestseller, pub_date, price, discount, title, slug, image, description, stat_in_cart, stat_bought, stat_postponed) values ( 1, '2022-10-22 12:49:21', 827, 709, 'Wishmaster 2: Evil Never Dies', 'wishmaster_2_evil_never_dies', 'http://dummyimage.com/147x100.png/dddddd/000000', 'lacinia eget tincidunt eget tempus vel pede morbi porttitor lorem id ligula', 0, 0, 0);
insert into book (is_bestseller, pub_date, price, discount, title, slug, image, description, stat_in_cart, stat_bought, stat_postponed) values ( 0, '2022-11-23 12:58:06', 776, 722, 'Braveheart', 'braveheart', 'http://dummyimage.com/212x100.png/5fa2dd/ffffff', 'nisi volutpat eleifend donec ut dolor morbi vel lectus in quam fringilla rhoncus mauris', 0, 0, 0);
insert into book (is_bestseller, pub_date, price, discount, title, slug, image, description, stat_in_cart, stat_bought, stat_postponed) values ( 0, '2022-12-09 21:26:40', 920, 589, 'Murphy''s War', 'murphys_war', 'http://dummyimage.com/173x100.png/cc0000/ffffff', 'vehicula condimentum curabitur in libero ut massa volutpat convallis morbi odio odio elementum eu', 0, 0, 0);
insert into book (is_bestseller, pub_date, price, discount, title, slug, image, description, stat_in_cart, stat_bought, stat_postponed) values ( 1, '2022-06-02 19:24:23', 558, 976, 'The Radio Pirates', 'the_radio_pirates', 'http://dummyimage.com/249x100.png/5fa2dd/ffffff', 'convallis tortor risus dapibus augue vel accumsan tellus nisi eu orci mauris lacinia sapien quis libero nullam sit amet turpis', 0, 0, 0);
insert into book (is_bestseller, pub_date, price, discount, title, slug, image, description, stat_in_cart, stat_bought, stat_postponed) values ( 1, '2022-01-11 05:27:05', 785, 599, 'Bay, The', 'bay_the', 'http://dummyimage.com/239x100.png/5fa2dd/ffffff', 'vestibulum rutrum rutrum neque aenean auctor gravida sem praesent id massa id nisl venenatis lacinia aenean sit', 0, 0, 0);
insert into book (is_bestseller, pub_date, price, discount, title, slug, image, description, stat_in_cart, stat_bought, stat_postponed) values ( 1, '2022-10-26 14:26:02', 727, 777, 'Adventures of the Wilderness Family, The', 'adventures_of_the_wilderness_family_the', 'http://dummyimage.com/186x100.png/ff4444/ffffff', 'dui vel sem sed sagittis nam congue risus semper porta volutpat', 0, 0, 0);
insert into book (is_bestseller, pub_date, price, discount, title, slug, image, description, stat_in_cart, stat_bought, stat_postponed) values ( 1, '2022-07-04 19:27:34', 701, 981, 'Five Obstructions, The (Fem benspænd, De)', 'five_obstructions_the_fem_benspaend_de', 'http://dummyimage.com/133x100.png/cc0000/ffffff', 'eget congue eget semper rutrum nulla nunc purus phasellus in felis donec semper sapien a libero', 0, 0, 0);
insert into book (is_bestseller, pub_date, price, discount, title, slug, image, description, stat_in_cart, stat_bought, stat_postponed) values ( 1, '2022-11-25 07:06:42', 762, 996, 'Zombie Honeymoon', 'zombie_honeymoon', 'http://dummyimage.com/153x100.png/dddddd/000000', 'sapien a libero nam dui proin leo odio porttitor id consequat in consequat ut nulla sed accumsan felis ut at', 0, 0, 0);
insert into book (is_bestseller, pub_date, price, discount, title, slug, image, description, stat_in_cart, stat_bought, stat_postponed) values ( 0, '2022-04-15 15:44:25', 609, 597, 'Fuzz', 'fuzz', 'http://dummyimage.com/118x100.png/cc0000/ffffff', 'felis fusce posuere felis sed lacus morbi sem mauris laoreet ut rhoncus aliquet pulvinar', 0, 0, 0);
insert into book (is_bestseller, pub_date, price, discount, title, slug, image, description, stat_in_cart, stat_bought, stat_postponed) values ( 1, '2022-02-08 22:54:21', 544, 839, 'I''m Going Home (Je rentre à la maison)', 'im_going_home_je_rentre_a_la_maison', 'http://dummyimage.com/160x100.png/dddddd/000000', 'montes nascetur ridiculus mus vivamus vestibulum sagittis sapien cum sociis natoque penatibus et magnis dis parturient montes', 0, 0, 0);
insert into book (is_bestseller, pub_date, price, discount, title, slug, image, description, stat_in_cart, stat_bought, stat_postponed) values ( 1, '2022-05-17 15:44:57', 910, 547, 'Carcasses', 'carcasses', 'http://dummyimage.com/123x100.png/5fa2dd/ffffff', 'libero convallis eget eleifend luctus ultricies eu nibh quisque id justo sit amet sapien', 0, 0, 0);
insert into book (is_bestseller, pub_date, price, discount, title, slug, image, description, stat_in_cart, stat_bought, stat_postponed) values ( 0, '2022-06-03 08:17:32', 561, 840, 'Beethoven', 'beethoven', 'http://dummyimage.com/162x100.png/cc0000/ffffff', 'vivamus tortor duis mattis egestas metus aenean fermentum donec ut mauris eget', 0, 0, 0);
insert into book (is_bestseller, pub_date, price, discount, title, slug, image, description, stat_in_cart, stat_bought, stat_postponed) values ( 0, '2022-02-23 17:50:18', 546, 881, 'Bottle Shock', 'bottle_shock', 'http://dummyimage.com/160x100.png/5fa2dd/ffffff', 'tincidunt in leo maecenas pulvinar lobortis est phasellus sit amet erat nulla', 0, 0, 0);
insert into book (is_bestseller, pub_date, price, discount, title, slug, image, description, stat_in_cart, stat_bought, stat_postponed) values ( 0, '2022-03-17 22:08:42', 815, 508, 'Fallen Idol, The', 'fallen_idol_the', 'http://dummyimage.com/208x100.png/ff4444/ffffff', 'sagittis nam congue risus semper porta volutpat quam pede lobortis ligula sit amet eleifend pede libero quis orci', 0, 0, 0);
insert into book (is_bestseller, pub_date, price, discount, title, slug, image, description, stat_in_cart, stat_bought, stat_postponed) values ( 0, '2022-07-25 21:07:58', 627, 982, 'Wild, The', 'wild_the', 'http://dummyimage.com/122x100.png/dddddd/000000', 'pulvinar nulla pede ullamcorper augue a suscipit nulla elit ac nulla sed vel enim sit amet nunc viverra', 0, 0, 0);
insert into book (is_bestseller, pub_date, price, discount, title, slug, image, description, stat_in_cart, stat_bought, stat_postponed) values ( 0, '2022-02-21 07:29:35', 515, 862, 'Break-in', 'break_in', 'http://dummyimage.com/247x100.png/ff4444/ffffff', 'diam id ornare imperdiet sapien urna pretium nisl ut volutpat sapien arcu sed augue aliquam erat', 0, 0, 0);
insert into book (is_bestseller, pub_date, price, discount, title, slug, image, description, stat_in_cart, stat_bought, stat_postponed) values ( 1, '2022-10-18 08:23:00', 787, 960, 'Love Affair, or the Case of the Missing Switchboard Operator (Ljubavni slucaj ili tragedija sluzbenice P.T.T.)', 'love_affair_or_the_case_of_the_missing_switchboard_operator_ljubavni_slucaj_ili_tragedija_sluzbenice_ptt', 'http://dummyimage.com/167x100.png/dddddd/000000', 'curae duis faucibus accumsan odio curabitur convallis duis consequat dui nec nisi', 0, 0, 0);
insert into book (is_bestseller, pub_date, price, discount, title, slug, image, description, stat_in_cart, stat_bought, stat_postponed) values ( 1, '2022-04-18 14:13:03', 616, 637, 'Exiled (Fong juk)', 'exiled_fong_juk', 'http://dummyimage.com/193x100.png/cc0000/ffffff', 'metus aenean fermentum donec ut mauris eget massa tempor convallis', 0, 0, 0);
insert into book (is_bestseller, pub_date, price, discount, title, slug, image, description, stat_in_cart, stat_bought, stat_postponed) values ( 1, '2022-07-06 13:59:04', 502, 627, 'Treasure Island', 'treasure_island', 'http://dummyimage.com/120x100.png/cc0000/ffffff', 'et magnis dis parturient montes nascetur ridiculus mus etiam vel augue vestibulum rutrum rutrum neque', 0, 0, 0);
insert into book (is_bestseller, pub_date, price, discount, title, slug, image, description, stat_in_cart, stat_bought, stat_postponed) values ( 1, '2022-06-21 17:58:53', 720, 592, 'Judas Kiss', 'Your Highness', 'http://dummyimage.com/226x100.png/dddddd/000000', 'consectetuer adipiscing elit proin risus praesent lectus vestibulum quam sapien varius ut blandit non interdum in ante vestibulum ante ipsum', 0, 0, 0);
insert into book (is_bestseller, pub_date, price, discount, title, slug, image, description, stat_in_cart, stat_bought, stat_postponed) values ( 1, '2022-04-23 12:41:31', 501, 959, 'Special Day, A (Giornata particolare, Una)', 'Rasputin', 'http://dummyimage.com/236x100.png/ff4444/ffffff', 'interdum eu tincidunt in leo maecenas pulvinar lobortis est phasellus sit amet', 0, 0, 0);
insert into book (is_bestseller, pub_date, price, discount, title, slug, image, description, stat_in_cart, stat_bought, stat_postponed) values ( 1, '2022-02-17 20:10:29', 990, 897, 'Road House', 'Beaches of Agnes, The (Plages d''Agnès, Les)', 'http://dummyimage.com/223x100.png/ff4444/ffffff', 'sit amet justo morbi ut odio cras mi pede malesuada in', 0, 0, 0);
insert into book (is_bestseller, pub_date, price, discount, title, slug, image, description, stat_in_cart, stat_bought, stat_postponed) values ( 0, '2022-10-25 13:38:10', 704, 736, 'Youth Without Youth', 'Rear Window', 'http://dummyimage.com/154x100.png/5fa2dd/ffffff', 'vivamus tortor duis mattis egestas metus aenean fermentum donec ut mauris eget massa tempor convallis nulla', 0, 0, 0);
insert into book (is_bestseller, pub_date, price, discount, title, slug, image, description, stat_in_cart, stat_bought, stat_postponed) values ( 0, '2022-04-08 23:57:34', 937, 750, 'Joyless Street, The (Die freudlose Gasse)', 'Tooth Fairy', 'http://dummyimage.com/144x100.png/5fa2dd/ffffff', 'vestibulum ante ipsum primis in faucibus orci luctus et ultrices posuere cubilia curae duis faucibus accumsan odio curabitur convallis duis', 0, 0, 0);
insert into book (is_bestseller, pub_date, price, discount, title, slug, image, description, stat_in_cart, stat_bought, stat_postponed) values ( 1, '2022-08-12 00:32:55', 926, 968, 'Ginger Snaps: Unleashed', 'Magic of Belle Isle, The', 'http://dummyimage.com/109x100.png/ff4444/ffffff', 'sociis natoque penatibus et magnis dis parturient montes nascetur ridiculus mus vivamus vestibulum sagittis', 0, 0, 0);
insert into book (is_bestseller, pub_date, price, discount, title, slug, image, description, stat_in_cart, stat_bought, stat_postponed) values ( 0, '2022-03-20 09:42:31', 878, 670, 'Mother, The', 'Switch', 'http://dummyimage.com/248x100.png/ff4444/ffffff', 'pede ac diam cras pellentesque volutpat dui maecenas tristique est', 0, 0, 0);
insert into book (is_bestseller, pub_date, price, discount, title, slug, image, description, stat_in_cart, stat_bought, stat_postponed) values ( 1, '2022-09-30 23:53:23', 936, 584, 'Focus', 'Deep Blue', 'http://dummyimage.com/212x100.png/cc0000/ffffff', 'eros vestibulum ac est lacinia nisi venenatis tristique fusce congue diam id ornare imperdiet sapien urna pretium nisl ut volutpat', 0, 0, 0);
insert into book (is_bestseller, pub_date, price, discount, title, slug, image, description, stat_in_cart, stat_bought, stat_postponed) values ( 0, '2022-07-20 19:40:13', 524, 582, 'National Lampoon''s Senior Trip', 'Objectified', 'http://dummyimage.com/180x100.png/cc0000/ffffff', 'rhoncus aliquam lacus morbi quis tortor id nulla ultrices aliquet', 0, 0, 0);
insert into book (is_bestseller, pub_date, price, discount, title, slug, image, description, stat_in_cart, stat_bought, stat_postponed) values ( 1, '2022-11-06 13:06:44', 984, 936, 'Majority of One, A', 'Dinner Guest, The (L''invité)', 'http://dummyimage.com/131x100.png/cc0000/ffffff', 'maecenas leo odio condimentum id luctus nec molestie sed justo pellentesque viverra pede ac', 0, 0, 0);
insert into book (is_bestseller, pub_date, price, discount, title, slug, image, description, stat_in_cart, stat_bought, stat_postponed) values ( 0, '2022-04-18 04:12:20', 885, 779, 'New York: A Documentary Film', 'In Two Minds', 'http://dummyimage.com/161x100.png/dddddd/000000', 'penatibus et magnis dis parturient montes nascetur ridiculus mus etiam', 0, 0, 0);
insert into book (is_bestseller, pub_date, price, discount, title, slug, image, description, stat_in_cart, stat_bought, stat_postponed) values ( 0, '2022-09-10 04:40:18', 857, 745, 'Execution of P, The (Kinatay)', 'Wetlands (Feuchtgebiete)', 'http://dummyimage.com/152x100.png/5fa2dd/ffffff', 'ultrices posuere cubilia curae nulla dapibus dolor vel est donec odio justo sollicitudin ut suscipit a feugiat et eros', 0, 0, 0);
insert into book (is_bestseller, pub_date, price, discount, title, slug, image, description, stat_in_cart, stat_bought, stat_postponed) values ( 0, '2022-11-19 10:15:45', 535, 927, 'Midnight Run', 'Breaking Point, The', 'http://dummyimage.com/184x100.png/ff4444/ffffff', 'faucibus orci luctus et ultrices posuere cubilia curae duis faucibus accumsan odio curabitur convallis duis consequat', 0, 0, 0);
insert into book (is_bestseller, pub_date, price, discount, title, slug, image, description, stat_in_cart, stat_bought, stat_postponed) values ( 0, '2022-01-24 11:41:15', 831, 796, 'Soldier, The', 'Private Resort', 'http://dummyimage.com/193x100.png/dddddd/000000', 'vel est donec odio justo sollicitudin ut suscipit a feugiat et', 0, 0, 0);
insert into book (is_bestseller, pub_date, price, discount, title, slug, image, description, stat_in_cart, stat_bought, stat_postponed) values ( 0, '2022-04-01 16:07:57', 752, 678, 'My Father and the Man in Black', 'Tormented', 'http://dummyimage.com/177x100.png/ff4444/ffffff', 'integer aliquet massa id lobortis convallis tortor risus dapibus augue vel', 0, 0, 0);
insert into book (is_bestseller, pub_date, price, discount, title, slug, image, description, stat_in_cart, stat_bought, stat_postponed) values ( 0, '2022-01-05 21:24:39', 547, 796, 'My Geisha', 'Tomb, The', 'http://dummyimage.com/194x100.png/5fa2dd/ffffff', 'rhoncus dui vel sem sed sagittis nam congue risus semper porta volutpat quam pede lobortis', 0, 0, 0);
insert into book (is_bestseller, pub_date, price, discount, title, slug, image, description, stat_in_cart, stat_bought, stat_postponed) values ( 1, '2022-11-16 09:08:13', 751, 513, 'C.R.A.Z.Y.', 'Two Can Play That Game', 'http://dummyimage.com/205x100.png/cc0000/ffffff', 'eleifend quam a odio in hac habitasse platea dictumst maecenas ut massa quis augue luctus tincidunt', 0, 0, 0);
insert into book (is_bestseller, pub_date, price, discount, title, slug, image, description, stat_in_cart, stat_bought, stat_postponed) values ( 1, '2022-08-13 18:57:16', 992, 823, 'Daniel', 'Thief and the Cobbler, The (a.k.a. Arabian Knight)', 'http://dummyimage.com/180x100.png/cc0000/ffffff', 'in consequat ut nulla sed accumsan felis ut at dolor quis odio consequat varius integer ac leo', 0, 0, 0);
insert into book (is_bestseller, pub_date, price, discount, title, slug, image, description, stat_in_cart, stat_bought, stat_postponed) values ( 0, '2022-03-22 16:15:55', 905, 939, 'Wilde', 'Tom and Jerry: A Nutcracker Tale', 'http://dummyimage.com/172x100.png/ff4444/ffffff', 'congue diam id ornare imperdiet sapien urna pretium nisl ut volutpat sapien arcu sed augue aliquam', 0, 0, 0);
insert into book (is_bestseller, pub_date, price, discount, title, slug, image, description, stat_in_cart, stat_bought, stat_postponed) values ( 0, '2022-07-11 20:45:18', 951, 835, 'Udaan', 'Forever Hardcore: The Documentary', 'http://dummyimage.com/142x100.png/5fa2dd/ffffff', 'donec pharetra magna vestibulum aliquet ultrices erat tortor sollicitudin mi sit amet lobortis sapien sapien', 0, 0, 0);
insert into book (is_bestseller, pub_date, price, discount, title, slug, image, description, stat_in_cart, stat_bought, stat_postponed) values ( 1, '2022-05-20 04:25:25', 607, 968, 'Expert, The', 'Seventh Heaven', 'http://dummyimage.com/143x100.png/dddddd/000000', 'quis odio consequat varius integer ac leo pellentesque ultrices mattis odio donec', 0, 0, 0);
insert into book (is_bestseller, pub_date, price, discount, title, slug, image, description, stat_in_cart, stat_bought, stat_postponed) values ( 0, '2022-10-27 17:54:38', 566, 677, 'Roxanne', 'You May Not Kiss the Bride', 'http://dummyimage.com/150x100.png/dddddd/000000', 'platea dictumst morbi vestibulum velit id pretium iaculis diam erat', 0, 0, 0);
insert into book (is_bestseller, pub_date, price, discount, title, slug, image, description, stat_in_cart, stat_bought, stat_postponed) values ( 0, '2022-01-07 09:53:28', 787, 865, 'Boy', 'Grandmother', 'http://dummyimage.com/158x100.png/cc0000/ffffff', 'elit proin interdum mauris non ligula pellentesque ultrices phasellus id sapien in sapien iaculis congue vivamus', 0, 0, 0);
insert into book (is_bestseller, pub_date, price, discount, title, slug, image, description, stat_in_cart, stat_bought, stat_postponed) values ( 1, '2022-09-25 03:16:17', 717, 809, 'Rosa Luxemburg', 'Children of the Corn', 'http://dummyimage.com/114x100.png/cc0000/ffffff', 'a libero nam dui proin leo odio porttitor id consequat', 0, 0, 0);
insert into book (is_bestseller, pub_date, price, discount, title, slug, image, description, stat_in_cart, stat_bought, stat_postponed) values ( 0, '2022-08-25 03:52:04', 948, 852, 'Strawberry Wine', 'Choose Me', 'http://dummyimage.com/241x100.png/5fa2dd/ffffff', 'sit amet consectetuer adipiscing elit proin interdum mauris non ligula pellentesque', 0, 0, 0);
insert into book (is_bestseller, pub_date, price, discount, title, slug, image, description, stat_in_cart, stat_bought, stat_postponed) values ( 0, '2022-05-07 20:24:03', 745, 815, 'Faithful', 'Hearts and Minds', 'http://dummyimage.com/113x100.png/5fa2dd/ffffff', 'lorem quisque ut erat curabitur gravida nisi at nibh in', 0, 0, 0);
insert into book (is_bestseller, pub_date, price, discount, title, slug, image, description, stat_in_cart, stat_bought, stat_postponed) values ( 1, '2022-10-19 07:23:58', 845, 570, 'Men Cry Bullets', 'W.C. Fields and Me', 'http://dummyimage.com/156x100.png/dddddd/000000', 'mauris non ligula pellentesque ultrices phasellus id sapien in sapien iaculis congue vivamus metus arcu', 0, 0, 0);
insert into book (is_bestseller, pub_date, price, discount, title, slug, image, description, stat_in_cart, stat_bought, stat_postponed) values ( 1, '2022-03-29 14:34:44', 710, 836, 'Film ist.', 'Go West', 'http://dummyimage.com/125x100.png/cc0000/ffffff', 'suspendisse potenti in eleifend quam a odio in hac habitasse platea dictumst maecenas ut massa quis', 0, 0, 0);
insert into book (is_bestseller, pub_date, price, discount, title, slug, image, description, stat_in_cart, stat_bought, stat_postponed) values ( 0, '2022-11-25 08:02:24', 744, 584, 'Down Argentine Way', 'Rain', 'http://dummyimage.com/219x100.png/ff4444/ffffff', 'cras mi pede malesuada in imperdiet et commodo vulputate justo in blandit ultrices', 0, 0, 0);
insert into book (is_bestseller, pub_date, price, discount, title, slug, image, description, stat_in_cart, stat_bought, stat_postponed) values ( 0, '2022-02-14 10:36:26', 669, 632, 'Attack of the 5 Ft. 2 Women (National Lampoon''s Attack of the 5 Ft 2 Woman)', 'Harold & Kumar Escape from Guantanamo Bay', 'http://dummyimage.com/245x100.png/cc0000/ffffff', 'ac enim in tempor turpis nec euismod scelerisque quam turpis adipiscing lorem vitae mattis', 0, 0, 0);
insert into book (is_bestseller, pub_date, price, discount, title, slug, image, description, stat_in_cart, stat_bought, stat_postponed) values ( 1, '2022-05-06 04:48:42', 579, 890, 'Wild in the Country', 'Storm Over Asia (Potomok Chingis-Khana)', 'http://dummyimage.com/207x100.png/ff4444/ffffff', 'tempus semper est quam pharetra magna ac consequat metus sapien', 0, 0, 0);


insert into book2tag ( book_id, tag_id) values (1, 16);
insert into book2tag ( book_id, tag_id) values (2, 17);
insert into book2tag ( book_id, tag_id) values (3, 20);
insert into book2tag ( book_id, tag_id) values (4, 15);
insert into book2tag ( book_id, tag_id) values (5, 9);
insert into book2tag ( book_id, tag_id) values (6, 21);
insert into book2tag ( book_id, tag_id) values (7, 5);
insert into book2tag ( book_id, tag_id) values (8, 18);
insert into book2tag ( book_id, tag_id) values (9, 3);
insert into book2tag ( book_id, tag_id) values ( 10, 2);
insert into book2tag ( book_id, tag_id) values ( 11, 20);
insert into book2tag ( book_id, tag_id) values ( 12, 4);
insert into book2tag ( book_id, tag_id) values ( 13, 13);
insert into book2tag ( book_id, tag_id) values ( 14, 14);
insert into book2tag ( book_id, tag_id) values ( 15, 1);
insert into book2tag ( book_id, tag_id) values ( 16, 15);
insert into book2tag ( book_id, tag_id) values ( 17, 16);
insert into book2tag ( book_id, tag_id) values ( 18, 6);
insert into book2tag ( book_id, tag_id) values ( 19, 12);
insert into book2tag ( book_id, tag_id) values ( 20, 13);
insert into book2tag ( book_id, tag_id) values ( 21, 9);
insert into book2tag ( book_id, tag_id) values ( 22, 9);
insert into book2tag ( book_id, tag_id) values ( 23, 14);
insert into book2tag ( book_id, tag_id) values ( 24, 5);
insert into book2tag ( book_id, tag_id) values ( 25, 7);
insert into book2tag ( book_id, tag_id) values ( 26, 8);
insert into book2tag ( book_id, tag_id) values ( 27, 18);
insert into book2tag ( book_id, tag_id) values ( 28, 2);
insert into book2tag ( book_id, tag_id) values ( 29, 5);
insert into book2tag ( book_id, tag_id) values ( 30, 2);
insert into book2tag ( book_id, tag_id) values ( 31, 15);
insert into book2tag ( book_id, tag_id) values ( 32, 8);
insert into book2tag ( book_id, tag_id) values ( 33, 4);
insert into book2tag ( book_id, tag_id) values ( 34, 15);
insert into book2tag ( book_id, tag_id) values ( 35, 21);
insert into book2tag ( book_id, tag_id) values ( 36, 17);
insert into book2tag ( book_id, tag_id) values ( 37, 10);
insert into book2tag ( book_id, tag_id) values ( 38, 1);
insert into book2tag ( book_id, tag_id) values ( 39, 9);
insert into book2tag ( book_id, tag_id) values ( 40, 18);
insert into book2tag ( book_id, tag_id) values ( 41, 2);
insert into book2tag ( book_id, tag_id) values ( 42, 17);
insert into book2tag ( book_id, tag_id) values ( 43, 12);
insert into book2tag ( book_id, tag_id) values ( 44, 19);
insert into book2tag ( book_id, tag_id) values ( 45, 21);
insert into book2tag ( book_id, tag_id) values ( 46, 19);
insert into book2tag ( book_id, tag_id) values ( 47, 19);
insert into book2tag ( book_id, tag_id) values ( 48, 6);
insert into book2tag ( book_id, tag_id) values ( 49, 18);
insert into book2tag ( book_id, tag_id) values ( 50, 4);
insert into book2tag ( book_id, tag_id) values ( 51, 10);
insert into book2tag ( book_id, tag_id) values ( 52, 16);
insert into book2tag ( book_id, tag_id) values ( 53, 1);
insert into book2tag ( book_id, tag_id) values ( 54, 21);
insert into book2tag ( book_id, tag_id) values ( 55, 5);
insert into book2tag ( book_id, tag_id) values ( 56, 21);
insert into book2tag ( book_id, tag_id) values ( 57, 19);
insert into book2tag ( book_id, tag_id) values ( 58, 11);
insert into book2tag ( book_id, tag_id) values ( 59, 14);
insert into book2tag ( book_id, tag_id) values ( 60, 18);
insert into book2tag ( book_id, tag_id) values ( 61, 1);
insert into book2tag ( book_id, tag_id) values ( 62, 5);
insert into book2tag ( book_id, tag_id) values ( 63, 4);
insert into book2tag ( book_id, tag_id) values ( 64, 20);
insert into book2tag ( book_id, tag_id) values ( 65, 11);
insert into book2tag ( book_id, tag_id) values ( 66, 17);
insert into book2tag ( book_id, tag_id) values ( 67, 13);
insert into book2tag ( book_id, tag_id) values ( 68, 10);
insert into book2tag ( book_id, tag_id) values ( 69, 11);
insert into book2tag ( book_id, tag_id) values ( 70, 7);
insert into book2tag ( book_id, tag_id) values ( 71, 18);
insert into book2tag ( book_id, tag_id) values ( 72, 9);
insert into book2tag ( book_id, tag_id) values ( 73, 4);
insert into book2tag ( book_id, tag_id) values ( 74, 15);
insert into book2tag ( book_id, tag_id) values ( 75, 13);
insert into book2tag ( book_id, tag_id) values ( 76, 16);
insert into book2tag ( book_id, tag_id) values ( 77, 7);
insert into book2tag ( book_id, tag_id) values ( 78, 17);
insert into book2tag ( book_id, tag_id) values ( 79, 6);
insert into book2tag ( book_id, tag_id) values ( 80, 5);
insert into book2tag ( book_id, tag_id) values ( 81, 21);
insert into book2tag ( book_id, tag_id) values ( 82, 18);
insert into book2tag ( book_id, tag_id) values ( 83, 9);
insert into book2tag ( book_id, tag_id) values ( 84, 5);
insert into book2tag ( book_id, tag_id) values ( 85, 21);
insert into book2tag ( book_id, tag_id) values ( 86, 15);
insert into book2tag ( book_id, tag_id) values ( 87, 20);
insert into book2tag ( book_id, tag_id) values ( 88, 9);
insert into book2tag ( book_id, tag_id) values ( 89, 2);
insert into book2tag ( book_id, tag_id) values ( 90, 8);
insert into book2tag ( book_id, tag_id) values ( 91, 8);
insert into book2tag ( book_id, tag_id) values ( 92, 16);
insert into book2tag ( book_id, tag_id) values ( 93, 14);
insert into book2tag ( book_id, tag_id) values ( 94, 12);
insert into book2tag ( book_id, tag_id) values ( 95, 14);
insert into book2tag ( book_id, tag_id) values ( 96, 20);
insert into book2tag ( book_id, tag_id) values ( 97, 8);
insert into book2tag ( book_id, tag_id) values ( 98, 13);
insert into book2tag ( book_id, tag_id) values ( 99, 2);
insert into book2tag ( book_id, tag_id) values ( 100, 4);


insert into book2author ( author_id, book_id) values (1, 1);
insert into book2author ( author_id, book_id) values (7, 2);
insert into book2author ( author_id, book_id) values (4, 3);
insert into book2author ( author_id, book_id) values (16, 4);
insert into book2author ( author_id, book_id) values (7, 5);
insert into book2author ( author_id, book_id) values (2, 6);
insert into book2author ( author_id, book_id) values (14, 7);
insert into book2author ( author_id, book_id) values (10, 8);
insert into book2author ( author_id, book_id) values (3, 9);
insert into book2author ( author_id, book_id) values ( 5, 10);
insert into book2author ( author_id, book_id) values ( 5, 11);
insert into book2author ( author_id, book_id) values ( 5, 12);
insert into book2author ( author_id, book_id) values ( 5, 13);
insert into book2author ( author_id, book_id) values ( 5, 14);
insert into book2author ( author_id, book_id) values ( 5, 15);
insert into book2author ( author_id, book_id) values ( 5, 16);
insert into book2author ( author_id, book_id) values ( 5, 17);
insert into book2author ( author_id, book_id) values ( 5, 18);
insert into book2author ( author_id, book_id) values ( 5, 19);
insert into book2author ( author_id, book_id) values ( 12, 20);
insert into book2author ( author_id, book_id) values ( 12, 21);
insert into book2author ( author_id, book_id) values ( 14, 22);
insert into book2author ( author_id, book_id) values ( 3, 23);
insert into book2author ( author_id, book_id) values ( 20, 24);
insert into book2author ( author_id, book_id) values ( 12, 25);
insert into book2author ( author_id, book_id) values ( 12, 26);
insert into book2author ( author_id, book_id) values ( 12, 27);
insert into book2author ( author_id, book_id) values ( 12, 28);
insert into book2author ( author_id, book_id) values ( 12, 29);
insert into book2author ( author_id, book_id) values ( 12, 30);
insert into book2author ( author_id, book_id) values ( 12, 31);
insert into book2author ( author_id, book_id) values ( 12, 32);
insert into book2author ( author_id, book_id) values ( 12, 33);
insert into book2author ( author_id, book_id) values ( 18, 34);
insert into book2author ( author_id, book_id) values ( 18, 35);
insert into book2author ( author_id, book_id) values ( 18, 36);
insert into book2author ( author_id, book_id) values ( 18, 37);
insert into book2author ( author_id, book_id) values ( 18, 38);
insert into book2author ( author_id, book_id) values ( 18, 39);
insert into book2author ( author_id, book_id) values ( 18, 40);
insert into book2author ( author_id, book_id) values ( 18, 41);
insert into book2author ( author_id, book_id) values ( 18, 42);
insert into book2author ( author_id, book_id) values ( 17, 43);
insert into book2author ( author_id, book_id) values ( 17, 44);
insert into book2author ( author_id, book_id) values ( 17, 45);
insert into book2author ( author_id, book_id) values ( 17, 46);
insert into book2author ( author_id, book_id) values ( 17, 47);
insert into book2author ( author_id, book_id) values ( 17, 48);
insert into book2author ( author_id, book_id) values ( 17, 49);
insert into book2author ( author_id, book_id) values ( 17, 50);
insert into book2author ( author_id, book_id) values ( 17, 51);
insert into book2author ( author_id, book_id) values ( 12, 52);
insert into book2author ( author_id, book_id) values ( 12, 53);
insert into book2author ( author_id, book_id) values ( 20, 54);
insert into book2author ( author_id, book_id) values ( 20, 55);
insert into book2author ( author_id, book_id) values ( 20, 56);
insert into book2author ( author_id, book_id) values ( 20, 57);
insert into book2author ( author_id, book_id) values ( 16, 58);
insert into book2author ( author_id, book_id) values ( 16, 59);
insert into book2author ( author_id, book_id) values ( 16, 60);
insert into book2author ( author_id, book_id) values ( 16, 61);
insert into book2author ( author_id, book_id) values ( 15, 62);
insert into book2author ( author_id, book_id) values ( 16, 63);
insert into book2author ( author_id, book_id) values ( 10, 64);
insert into book2author ( author_id, book_id) values ( 13, 65);
insert into book2author ( author_id, book_id) values ( 16, 66);
insert into book2author ( author_id, book_id) values ( 6, 67);
insert into book2author ( author_id, book_id) values ( 14, 68);
insert into book2author ( author_id, book_id) values ( 1, 69);
insert into book2author ( author_id, book_id) values ( 10, 70);
insert into book2author ( author_id, book_id) values ( 19, 71);
insert into book2author ( author_id, book_id) values ( 13, 72);
insert into book2author ( author_id, book_id) values ( 12, 73);
insert into book2author ( author_id, book_id) values ( 15, 74);
insert into book2author ( author_id, book_id) values ( 8, 75);
insert into book2author ( author_id, book_id) values ( 14, 76);
insert into book2author ( author_id, book_id) values ( 12, 77);
insert into book2author ( author_id, book_id) values ( 2, 78);
insert into book2author ( author_id, book_id) values ( 14, 79);
insert into book2author ( author_id, book_id) values ( 7, 80);
insert into book2author ( author_id, book_id) values ( 19, 81);
insert into book2author ( author_id, book_id) values ( 8, 82);
insert into book2author ( author_id, book_id) values ( 12, 83);
insert into book2author ( author_id, book_id) values ( 14, 84);
insert into book2author ( author_id, book_id) values ( 12, 85);
insert into book2author ( author_id, book_id) values ( 19, 86);
insert into book2author ( author_id, book_id) values ( 2, 87);
insert into book2author ( author_id, book_id) values ( 17, 88);
insert into book2author ( author_id, book_id) values ( 20, 89);
insert into book2author ( author_id, book_id) values ( 18, 90);
insert into book2author ( author_id, book_id) values ( 8, 91);
insert into book2author ( author_id, book_id) values ( 3, 92);
insert into book2author ( author_id, book_id) values ( 20, 93);
insert into book2author ( author_id, book_id) values ( 8, 94);
insert into book2author ( author_id, book_id) values ( 5, 95);
insert into book2author ( author_id, book_id) values ( 2, 96);
insert into book2author ( author_id, book_id) values ( 15, 97);
insert into book2author ( author_id, book_id) values ( 11, 98);
insert into book2author ( author_id, book_id) values ( 12, 99);
insert into book2author ( author_id, book_id) values ( 7, 100);


insert into book2genre ( book_id, genre_id) values (1, 14);
insert into book2genre ( book_id, genre_id) values (2, 6);
insert into book2genre ( book_id, genre_id) values (3, 13);
insert into book2genre ( book_id, genre_id) values (4, 8);
insert into book2genre ( book_id, genre_id) values (5, 2);
insert into book2genre ( book_id, genre_id) values (6, 12);
insert into book2genre ( book_id, genre_id) values (7, 14);
insert into book2genre ( book_id, genre_id) values (8, 20);
insert into book2genre ( book_id, genre_id) values (9, 10);
insert into book2genre ( book_id, genre_id) values ( 10, 16);
insert into book2genre ( book_id, genre_id) values ( 11, 5);
insert into book2genre ( book_id, genre_id) values ( 12, 7);
insert into book2genre ( book_id, genre_id) values ( 13, 12);
insert into book2genre ( book_id, genre_id) values ( 14, 17);
insert into book2genre ( book_id, genre_id) values ( 15, 11);
insert into book2genre ( book_id, genre_id) values ( 16, 9);
insert into book2genre ( book_id, genre_id) values ( 17, 16);
insert into book2genre ( book_id, genre_id) values ( 18, 20);
insert into book2genre ( book_id, genre_id) values ( 19, 6);
insert into book2genre ( book_id, genre_id) values ( 20, 4);
insert into book2genre ( book_id, genre_id) values ( 21, 17);


insert into book_file (hash, path, type_id) values ('97cdf444fa1e2212c7d27226ed9d0b87c94d01a1', 'EgetNuncDonec.avi', 1);
insert into book_file (hash, path, type_id) values ('e184b22d729d9cc9e5f2d1940ae04f60740947b2', 'NullaPede.mp3', 2);
insert into book_file (hash, path, type_id) values ('6bbeff03f0940923ef657b83fae2d8aa46b3eaeb', 'DiamNeque.ppt', 1);
insert into book_file (hash, path, type_id) values ('6fa8ad0a8f4e97e0ee1453be7632c95221f46cd3', 'TurpisElementumLigula.ppt', 2);
insert into book_file (hash, path, type_id) values ('c8c2d3ba2f93cc9f501fb563016d9937656bfc87', 'Pulvinar.mpeg', 2);
insert into book_file (hash, path, type_id) values ('80564da4e2f1e4a5c57cb924ad3c80637d0b4cbe', 'Volutpat.gif', 1);
insert into book_file (hash, path, type_id) values ('a1509921456c073ef198cf9dfcb797fc5f189870', 'SitAmetEros.xls', 1);
insert into book_file (hash, path, type_id) values ('3c474fa5c6f9f0641dd561fb6a879fdd9ccc1e9e', 'HabitassePlateaDictumst.mpeg', 1);
insert into book_file (hash, path, type_id) values ('9f82307efff843b8b533685c41019543a864580a', 'Morbi.tiff', 1);
insert into book_file (hash, path, type_id) values ( 'e499add72fc3fedf00eaeefdff3c155ccdbb01a8', 'RisusSemper.mp3', 2);

insert into book_file_type (description, name) values ('eleifend luctus', 'pdf');
insert into book_file_type (description, name) values ('amet eros', 'epub');
insert into book_file_type (description, name) values ('augue vel', 'fb2');

insert into document (slug, sort_index, text, title) values ('feugiat', 11, 'Nam ultrices, libero non mattis pulvinar, nulla pede ullamcorper augue, a suscipit nulla elit ac nulla.', 'volutpat');
insert into document (slug, sort_index, text, title) values ('sit', 8, 'Nunc nisl.', 'montes nascetur');

insert into faq (answer, question, sort_index) values ('vivamus', 'at', 2);
insert into faq (answer, question, sort_index) values ('ac tellus', 'vestibulum ante', 1);


-- добавить купленых книг тестовому пользователю
insert into "user" (password, balance, hash, name, reg_time) values ('$2a$10$XzXiuJ1jQZciIVzGhp6uluDXAjrvsUW/W.wvP7n/XnWH9SnIcK7L6', 0, '4523e808', 'Test User', '2023-05-06 14:04:58.428116');
insert into "user" (password, balance, hash, name, reg_time) values ('www', 649, '10fb670b93848837ad8f4a7b8fee8f7687d4b827', 'Edin Giraudot', '2022-08-09 03:21:10');

-- пароль к пользователю: 222 222
insert into user_contact (user_id, type, approved, code, code_trails, code_time, contact) values (1, 'EMAIL', 1, 'code', 0, '2023-05-06 14:04:58.428116', 'test@test.test');
insert into user_contact (user_id, type, approved, code, code_trails, code_time, contact) values (1, 'PHONE', 1, 'code', 0, '2023-05-06 14:04:58.428116', '+7 (222) 222 2222');
insert into user_contact (approved, code, code_time, code_trails, contact, type, user_id) values (4, '51146a164219833b64619a981c06bd5a8dc8583b', '2022-02-12 10:52:57', 9, '805-413-3781', 'PHONE', 2);

insert into balance_transaction (book_id, user_id, description, time, value) values (1, 1, 'lobortis convallis', '2022-11-08 19:51:48', 878);
insert into balance_transaction (book_id, user_id, description, time, value) values (2, 1, 'lobortis convallis', '2022-11-08 19:51:48', 878);

insert into book2user (book_id, time, type_id, user_id) values (1, '2022-12-06 16:45:25', 1, 1);
insert into book2user (book_id, time, type_id, user_id) values (2, '2022-01-29 15:02:02', 1, 1);
insert into book2user (book_id, time, type_id, user_id) values (3, '2022-01-29 15:02:02', 3, 1);

insert into book2user_type (code, name) values (1, 'Куплена');
insert into book2user_type (code, name) values (2, 'В коризне');
insert into book2user_type (code, name) values (3, 'Отложена');

insert into file_download (book_id, count, user_id) values (4, 8, 1);

insert into message (email, name, subject, text, time, user_id) values ('criordan0@alexa.com', 'Costanza Riordan', 'nulla suspendisse', 'Pellentesque ultrices mattis odio.', '2022-06-04 16:29:33', 1);
insert into message (email, name, subject, text, time, user_id) values ('cpinnegar1@marriott.com', 'Coop Pinnegar', 'aliquam lacus', 'Fusce congue, diam id ornare imperdiet, sapien urna pretium nisl, ut volutpat sapien arcu sed augue. Aliquam erat volutpat.', '2022-06-26 13:33:23', 2);

insert into book_rating (value, book_id) values (1, 21);
insert into book_rating (value, book_id) values (1, 21);
insert into book_rating (value, book_id) values (1, 21);
insert into book_rating (value, book_id) values (1, 21);
insert into book_rating (value, book_id) values (1, 21);
insert into book_rating (value, book_id) values (1, 21);
insert into book_rating (value, book_id) values (1, 21);
insert into book_rating (value, book_id) values (1, 21);
insert into book_rating (value, book_id) values (1, 21);
insert into book_rating (value, book_id) values (1, 21);
insert into book_rating (value, book_id) values (5, 21);
insert into book_rating (value, book_id) values (5, 21);
insert into book_rating (value, book_id) values (5, 21);
insert into book_rating (value, book_id) values (5, 21);
insert into book_rating (value, book_id) values (5, 21);
insert into book_rating (value, book_id) values (5, 21);
insert into book_rating (value, book_id) values (5, 21);
insert into book_rating (value, book_id) values (5, 21);
insert into book_rating (value, book_id) values (5, 21);
insert into book_rating (value, book_id) values (5, 21);
insert into book_rating (value, book_id) values (5, 1);
insert into book_rating (value, book_id) values (5, 1);
insert into book_rating (value, book_id) values (4, 2);
insert into book_rating (value, book_id) values (3, 4);
insert into book_rating (value, book_id) values (3, 5);
insert into book_rating (value, book_id) values (2, 6);
insert into book_rating (value, book_id) values (2, 6);
insert into book_rating (value, book_id) values (2, 8);
insert into book_rating (value, book_id) values (2, 9);
insert into book_rating (value, book_id) values (2, 10);
insert into book_rating (value, book_id) values (2, 11);
insert into book_rating (value, book_id) values (2, 12);
insert into book_rating (value, book_id) values (2, 13);
insert into book_rating (value, book_id) values (2, 14);
insert into book_rating (value, book_id) values (2, 15);
insert into book_rating (value, book_id) values (2, 16);
insert into book_rating (value, book_id) values (2, 17);
insert into book_rating (value, book_id) values (2, 18);
insert into book_rating (value, book_id) values (2, 19);
insert into book_rating (value, book_id) values (2, 20);

insert into book_review (book_id, text, time, user_id) values (1, 'In blandit ultrices enim.', '2022-09-06 17:58:42', 1);
insert into book_review (book_id, text, time, user_id) values (1, 'Lorem ipsum dolor sit amet, consectetuer adipiscing elit.', '2022-11-16 17:11:47', 2);

insert into book_review_like (review_id, time, user_id, value) values (1, '2022-11-18 03:42:54', 2, 1);
insert into book_review_like (review_id, time, user_id, value) values (2, '2022-11-18 03:42:54', 2, -1);

